{"cameraMode":{"drawMode":0,"name":"Shaded","section":"Shading Mode"},"sceneLighting":false,"audioPlay":false,"sceneViewState":{"m_AlwaysRefresh":false,"showFog":true,"showSkybox":true,"showFlares":true,"showImageEffects":true,"showParticleSystems":true,"showVisualEffectGraphs":true,"m_FxEnabled":true},"in2DMode":false,"pivot":{"x":-13.356332778930664,"y":2.8470771312713625,"z":3.187873363494873},"rotation":{"x":0.21881572902202607,"y":-0.15527234971523286,"z":0.03529796376824379,"w":0.9626981616020203},"size":0.7526881694793701,"orthographic":false}