{"cameraMode":{"drawMode":0,"name":"Shaded","section":"Shading Mode"},"sceneLighting":false,"audioPlay":false,"sceneViewState":{"m_AlwaysRefresh":false,"showFog":true,"showSkybox":true,"showFlares":true,"showImageEffects":true,"showParticleSystems":true,"showVisualEffectGraphs":true,"m_FxEnabled":true},"in2DMode":false,"pivot":{"x":0.07404911518096924,"y":12.380304336547852,"z":-9.875874519348145},"rotation":{"x":0.3299078345298767,"y":0.39179909229278567,"z":-0.15082333981990815,"w":0.8452046513557434},"size":0.8801320791244507,"orthographic":false}