{"cameraMode":{"drawMode":0,"name":"Shaded","section":"Shading Mode"},"sceneLighting":true,"audioPlay":false,"sceneViewState":{"m_AlwaysRefresh":false,"showFog":true,"showSkybox":true,"showFlares":true,"showImageEffects":true,"showParticleSystems":true,"showVisualEffectGraphs":true,"m_FxEnabled":true},"in2DMode":false,"pivot":{"x":11.136456489562989,"y":3.804213762283325,"z":-5.988508224487305},"rotation":{"x":-0.036889832466840747,"y":-0.00598799018189311,"z":0.0002210656675742939,"w":-0.9992994070053101},"size":0.3856041133403778,"orthographic":false}