{"cameraMode":{"drawMode":0,"name":"Shaded","section":"Shading Mode"},"sceneLighting":true,"audioPlay":false,"sceneViewState":{"m_AlwaysRefresh":false,"showFog":true,"showSkybox":true,"showFlares":true,"showImageEffects":true,"showParticleSystems":true,"showVisualEffectGraphs":true,"m_FxEnabled":true},"in2DMode":false,"pivot":{"x":-19.232154846191408,"y":2.2860190868377687,"z":-0.5255019068717957},"rotation":{"x":0.04886941239237785,"y":0.3381939232349396,"z":-0.017404859885573388,"w":0.9394772052764893},"size":1.598847508430481,"orthographic":false}