{"cameraMode":{"drawMode":0,"name":"Shaded","section":"Shading Mode"},"sceneLighting":false,"audioPlay":false,"sceneViewState":{"m_AlwaysRefresh":false,"showFog":true,"showSkybox":true,"showFlares":true,"showImageEffects":true,"showParticleSystems":true,"showVisualEffectGraphs":true,"m_FxEnabled":true},"in2DMode":false,"pivot":{"x":13.285811424255371,"y":19.810346603393556,"z":-59.602752685546878},"rotation":{"x":-0.141664519906044,"y":0.15149088203907014,"z":-0.025916889309883119,"w":-0.9776002168655396},"size":1.2247449159622193,"orthographic":false}