{"cameraMode":{"drawMode":0,"name":"Shaded","section":"Shading Mode"},"sceneLighting":true,"audioPlay":false,"sceneViewState":{"m_AlwaysRefresh":false,"showFog":true,"showSkybox":true,"showFlares":true,"showImageEffects":true,"showParticleSystems":true,"showVisualEffectGraphs":true,"m_FxEnabled":true},"in2DMode":false,"pivot":{"x":1.4466078281402588,"y":2.1021459102630617,"z":10.966723442077637},"rotation":{"x":0.09863071143627167,"y":-0.8835566639900208,"z":0.2081923633813858,"w":0.40767863392829897},"size":0.22624912858009339,"orthographic":false}