{"cameraMode":{"drawMode":0,"name":"Shaded","section":"Shading Mode"},"sceneLighting":true,"audioPlay":false,"sceneViewState":{"m_AlwaysRefresh":false,"showFog":true,"showSkybox":true,"showFlares":true,"showImageEffects":true,"showParticleSystems":true,"showVisualEffectGraphs":true,"m_FxEnabled":true},"in2DMode":false,"pivot":{"x":0.23643431067466737,"y":3.122443914413452,"z":2.8021605014801027},"rotation":{"x":0.09499087184667587,"y":0.9048616290092468,"z":-0.3026715815067291,"w":0.28382256627082827},"size":1.3187071084976197,"orthographic":false}